user_id,user_name
1,vmonni0
2,cdonaghie1
3,araymond2
4,htendahl3
5,lcavee4
6,lvigne5
7,cfont6
8,pimason7
9,fbadham8
10,avennart9
11,habrahmera
12,tpruvostb
13,poxterbyc
14,bsaulld
15,twoolcockse
16,amcgilroyf
17,cmergueg
18,hglanesterh
19,cungeri
20,twallbridgej
21,cabrahamiank
22,miannuzzil
23,lmillem
24,mgriern
25,tlarkino
26,uhefferonp
27,twicklinq
28,lfredianir
29,omounds
30,sruddomt
31,wbealeu
32,rpatryv
33,nnylesw
34,cmationx
35,atolley
36,slillymanz
37,yluff10
38,blazarus11
39,hzamora12
40,sheibel13
41,chembling14
42,dspyvye15
43,idobbinson16
44,amerriday17
45,mdakhov18
46,mwheelband19
47,hwadley1a
48,nduignan1b
49,bpepys1c
50,dodgaard1d
51,rjackman1e
52,wcrebo1f
53,jdelacroix1g
54,jjacks1h
55,rmathis1i
56,mjerome1j
57,flonsbrough1k
58,lsimoncelli1l
59,mbryett1m
60,cmoulsdall1n
61,kfeehery1o
62,agrabert1p
63,dconway1q
64,cschrei1r
65,cpenke1s
66,aharkus1t
67,bblackesland1u
68,fgatcliff1v
69,ldargan1w
70,wphoenix1x
71,fschlag1y
72,rfalck1z
73,wvlach20
74,dbenne21
75,jfound22
76,pbalsillie23
77,abossom24
78,jguare25
79,aivashnyov26
80,dverdie27
81,kfilippo28
82,jbowhey29
83,slarvor2a
84,mtapin2b
85,jgregoriou2c
86,jsalsberg2d
87,dmckeowon2e
88,ddudderidge2f
89,edawby2g
90,rfedorski2h
91,eyakunikov2i
92,dlewin2j
93,pdenecamp2k
94,ngolledge2l
95,lbell2m
96,nkoppen2n
97,wfilewood2o
98,jvarley2p
99,domullen2q
100,amustill2r
101,pstickings2s
102,cribchester2t
103,fwenn2u
104,nricardet2v
105,tpearsall2w
106,ccorington2x
107,klowle2y
108,mtratton2z
109,pmcgrane30
110,xbutler31
111,kpiburn32
112,agasgarth33
113,tweigh34
114,vsatterfitt35
115,kfynan36
116,bcoffelt37
117,esimonson38
118,lcuckson39
119,jdabels3a
120,zfreebury3b
121,acatlow3c
122,tyoxen3d
123,dstoves3e
124,mdunseath3f
125,mtilbey3g
126,myo3h
127,aberrey3i
128,afright3j
129,mkelleway3k
130,ljanicijevic3l
131,mruddick3m
132,fwhittenbury3n
133,ddurrans3o
134,afeetham3p
135,ehanrahan3q
136,fesgate3r
137,sbaldam3s
138,nscotcher3t
139,woheneghan3u
140,eskett3v
141,komeara3w
142,amcgorley3x
143,lflook3y
144,balsford3z
145,cvideler40
146,njedras41
147,yduell42
148,lpierse43
149,gbrando44
150,bstquentin45
151,gsullivan46
152,mmathiasen47
153,ndudgeon48
154,dmancell49
155,esurgen4a
156,jstoaks4b
157,rlamy4c
158,bsummersett4d
159,odanett4e
160,rpaolinelli4f
161,bawcock4g
162,tshurrocks4h
163,acicculini4i
164,nhaimes4j
165,emcpike4k
166,bfuzzens4l
167,mseekings4m
168,lducaen4n
169,pmanie4o
170,kdurman4p
171,fredholls4q
172,lbroadbear4r
173,dfumagalli4s
174,lchismon4t
175,gdemare4u
176,mgiannasi4v
177,rshacklady4w
178,jczapla4x
179,nmollon4y
180,eeldon4z
181,mgobat50
182,ojacob51
183,gboughton52
184,bbilbee53
185,ccrichton54
186,hbryceson55
187,sgrinyakin56
188,csigge57
189,scousin58
190,ddimitriou59
191,thandyside5a
192,enellies5b
193,dtysall5c
194,cquinby5d
195,sharby5e
196,umcgahern5f
197,clambersen5g
198,iterzi5h
199,ndupree5i
200,knairn5j
201,mcrix5k
202,eravillas5l
203,mkearney5m
204,lverni5n
205,cboggers5o
206,mburgen5p
207,slavrick5q
208,ebiggam5r
209,ajosey5s
210,mrowett5t
211,swhittington5u
212,aormerod5v
213,wfluck5w
214,ujosephi5x
215,ncornier5y
216,mcrickett5z
217,pjakaway60
218,vgibard61
219,sithell62
220,dskedgell63
221,hbruford64
222,cmalby65
223,nmarfe66
224,wtumulty67
225,aknight68
226,aevershed69
227,tmitskevich6a
228,phearons6b
229,epetican6c
230,nelacoate6d
231,ltitchmarsh6e
232,gprophet6f
233,msatchell6g
234,kdonne6h
235,cchastey6i
236,erogerson6j
237,rdrewitt6k
238,hdugdale6l
239,floads6m
240,kgillings6n
241,rlittledyke6o
242,rsichardt6p
243,dcurle6q
244,golooney6r
245,tlightwing6s
246,irosenbaum6t
247,awillis6u
248,rodwyer6v
249,gfalconer6w
250,lshelford6x
251,dkorting6y
252,afounds6z
253,fgallafant70
254,ehumphris71
255,isummerlie72
256,mnesby73
257,zgofford74
258,llammie75
259,dsissel76
260,tmaile77
261,wcram78
262,kpoulney79
263,pmitroshinov7a
264,kbernadzki7b
265,kgiacomi7c
266,khubbuck7d
267,ftaffe7e
268,rsamett7f
269,bbroadwood7g
270,chortop7h
271,psloam7i
272,bjarrelt7j
273,dthoumas7k
274,ybohling7l
275,kbentham7m
276,sedelmann7n
277,mconquest7o
278,tfoxhall7p
279,wsaffon7q
280,ngillebert7r
281,rcastanone7s
282,ableaden7t
283,mpepis7u
284,jgooms7v
285,ulubman7w
286,sgaspar7x
287,sfermin7y
288,csalerno7z
289,bkimmins80
290,ajennrich81
291,ipiddington82
292,tguyer83
293,ahardingham84
294,iposchel85
295,ugwalter86
296,mhanselmann87
297,gmaggi88
298,jrochewell89
299,jramsby8a
300,rrennock8b
301,vrichold8c
302,hcashmore8d
303,bvouls8e
304,wcockram8f
305,cbratty8g
306,olockley8h
307,lfairham8i
308,cbirkwood8j
309,ascarborough8k
310,mgilleson8l
311,doventon8m
312,eenderby8n
313,bhobble8o
314,eolifaunt8p
315,ttillot8q
316,jokerin8r
317,cpalatini8s
318,dwatmore8t
319,mferonet8u
320,smallindine8v
321,jcabera8w
322,ckeneford8x
323,cbatter8y
324,abaxandall8z
325,alockley90
326,ifebvre91
327,tyoseloff92
328,astading93
329,kgreystock94
330,dsalvadore95
331,nrenehan96
332,ccourtin97
333,ahenriet98
334,hraye99
335,tlairdcraig9a
336,hcordery9b
337,cwhittleton9c
338,vstart9d
339,amingauld9e
340,dmuckle9f
341,dcarolan9g
342,srenbold9h
343,dvaud9i
344,bdrynan9j
345,aprestie9k
346,ajoplin9l
347,lgavrielly9m
348,dknell9n
349,wmacfaul9o
350,ctreend9p
351,ldonavan9q
352,bdeniskevich9r
353,nshute9s
354,cstroton9t
355,fplayfoot9u
356,ibroadnicke9v
357,pattwood9w
358,mlatty9x
359,nboughton9y
360,ldeakins9z
361,lbertla0
362,pgaunsona1
363,kmcguggya2
364,hkendricka3
365,abarnewillea4
366,oadmansa5
367,ljenta6
368,thazelhursta7
369,tmcganna8
370,ecaltuna9
371,jgebhardtaa
372,wwalthoab
373,cbereac
374,amccaughenad
375,gwissbeyae
376,efeanderaf
377,dscoffinsag
378,bmactrustramah
379,eblazeyai
380,ayannaj
381,wacorsak
382,bdegiovannial
383,pedeleram
384,scubbonan
385,pfrancieao
386,eguidiniap
387,mdumpletonaq
388,blandsburyar
389,rwoolwayas
390,blampensat
391,mumanau
392,eorwellav
393,jbanesaw
394,thuckax
395,cwoolattay
396,phavillaz
397,wlorrimanb0
398,pheigoldb1
399,ksissb2
400,wibanezb3
401,jcrowsonb4
402,ccrehanb5
403,bsimakovb6
404,mbricknallb7
405,ghaigb8
406,lpostinb9
407,mclewleyba
408,mhealksbb
409,tshrevebc
410,ckeavesbd
411,mmcdowellbe
412,gbasonbf
413,kmintobg
414,gmationbh
415,cmatulabi
416,gsiseybj
417,mpignebk
418,tstattonbl
419,screminbm
420,fgazzardbn
421,rchatresbo
422,nconquerbp
423,tpaveybq
424,jbaudonbr
425,akrauzebs
426,lwinslettbt
427,mkynebu
428,lferentzbv
429,pstainfieldbw
430,cjosifovitzbx
431,wcarlillby
432,fkruschovbz
433,dgrindlayc0
434,gmathouc1
435,apoulsenc2
436,kgecksc3
437,eheugelc4
438,rdewittc5
439,trothonc6
440,rmurrayc7
441,rmorganc8
442,soferrisc9
443,segellca
444,mjamrowiczcb
445,eleddycc
446,rmissoncd
447,wleverettce
448,wforshawcf
449,mgierathscg
450,wleganch
451,cebbenci
452,ndawneycj
453,esegarck
454,hsargintcl
455,ltribellcm
456,jhazzardcn
457,dattewillco
458,ealdouscp
459,dstonelakecq
460,cbodmancr
461,jmanssuercs
462,rmarct
463,bscollandcu
464,blackingtoncv
465,lhentzecw
466,cstarkcx
467,acaseycy
468,aheimscz
469,fogilbyd0
470,hlaguerred1
471,jpeascodd2
472,clewzeyd3
473,hgainfortd4
474,cbierlingd5
475,chustlerd6
476,opreuvostd7
477,ctriced8
478,missardd9
479,kcaddiesda
480,lluckettdb
481,ckiddledc
482,hlesieurdd
483,tocosgrade
484,rlansdownedf
485,gklimentdg
486,mbycraftdh
487,akeelingdi
488,pstainlanddj
489,raylingdk
490,kpollerdl
491,bangelinidm
492,eadsheaddn
493,amoylando
494,svanschafflaerdp
495,tfollindq
496,lsabatesdr
497,severissds
498,rsweetingdt
499,ngethingsdu
500,gpeattdv
501,ndepportdw
502,glaurantdx
503,dhammelbergdy
504,qpheasantdz
505,eroncellie0
506,esamuelse1
507,bduffye2
508,pcharitye3
509,cphetteplacee4
510,hrounsefelle5
511,mfearee6
512,apardye7
513,jyssone8
514,llochheade9
515,shigganea
516,cpauncefooteb
517,loddeec
518,brenshalled
519,bprofitee
520,kpowellef
521,cvanlinteg
522,ssamuelseh
523,sgreenhalfei
524,bfaichneyej
525,ncadwellek
526,tchsteneyel
527,lbellwardem
528,cdringen
529,gmaccreeeo
530,odrummerep
531,mpoleseq
532,slouyser
533,dstampes
534,alashfordet
535,stesheu
536,njefferiesev
537,nbridgelandew
538,fpedlowex
539,sfarmeryey
540,dgauvainez
541,creboulf0
542,cstewartf1
543,sjoinerf2
544,tspeckf3
545,ahilhousef4
546,kkettlesingf5
547,coflavertyf6
548,mcoullf7
549,kcooksleyf8
550,whatliffef9
551,jyanshonokfa
552,ahaskellfb
553,esmartmanfc
554,wspurretfd
555,sdarbyfe
556,rsothcottff
557,lpipesfg
558,dfibbensfh
559,jhaigfi
560,jmcgeechanfj
561,dgavrielifk
562,bcheesemanfl
563,pmessittfm
564,rdodimeadfn
565,bjoryfo
566,jjirusekfp
567,crolsefq
568,anordassfr
569,bgokesfs
570,mambrozewiczft
571,rwindsorfu
572,mjendrysfv
573,pgaddiefw
574,ecristoforofx
575,fcrantonfy
576,rpreskettfz
577,ggerreltg0
578,sgailorg1
579,bjosskowitzg2
580,dkegginsg3
581,cstjohng4
582,bryang5
583,tlaffang6
584,wgatmang7
585,aredmileg8
586,cmcwhannelg9
587,amallabonga
588,rhankinsgb
589,tsimonelgc
590,mgawgd
591,tschubbertge
592,nsaffongf
593,mminchintongg
594,kportchmouthgh
595,mdonisigi
596,mstreetgj
597,panninggk
598,wabrahimgl
599,tsaltsbergergm
600,wchattgn
601,vkehirgo
602,disetongp
603,hragdalegq
604,aharleygr
605,dfawlteygs
606,gdalzielgt
607,bmatthesiusgu
608,dspittallgv
609,chenckegw
610,tpatengx
611,gchambersgy
612,tbenfordgz
613,hsinclaireh0
614,csparshotth1
615,melth2
616,ebrackh3
617,abinehamh4
618,mosipenkoh5
619,dstidstonh6
620,fegiloffh7
621,scurthoysh8
622,rgracewoodh9
623,cnardiha
624,bansteyshb
625,mcuddhc
626,ahopfnerhd
627,ekeedwellhe
628,ccornauhf
629,rthrustlehg
630,htoderbruggehh
631,rloddyhi
632,blubbockhj
633,dcapperhk
634,aroffeyhl
635,cfettiplacehm
636,rsaleshn
637,zdewdneyho
638,jgatecliffehp
639,kmartyginhq
640,gdeathridgehr
641,sdarkinhs
642,cfrostht
643,wonionshu
644,afieldhv
645,imaclainehw
646,cgullimanhx
647,wessebyhy
648,kpauwelhz
649,vaucocki0
650,lvizei1
651,spettifordi2
652,lcumeskyi3
653,mbumbyi4
654,dputsoni5
655,lmacgillacolmi6
656,ckintzeli7
657,ahavisi8
658,swhicheri9
659,gadenetia
660,tiddiensib
661,aglackinic
662,crampageid
663,vhanniganie
664,sritelliif
665,lgrindellig
666,tvarnalsih
667,kmartinhoii
668,cmachostieij
669,mlinwoodik
670,bneggriniil
671,rmackelworthim
672,medelin
673,fklimontovichio
674,brubieip
675,rmanseliq
676,rmichelmoreir
677,mmathiassenis
678,kphillerit
679,cpicardoiu
680,llaguerreiv
681,blongmeadiw
682,llaxtonneix
683,sclifftiy
684,bkliemcheniz
685,ahardwayj0
686,hmaunsellj1
687,vrobunj2
688,rbembriggj3
689,chairyesj4
690,itumbridgej5
691,apringj6
692,kbrymnerj7
693,dkirkwoodj8
694,gjusticej9
695,iwendenja
696,abaskwelljb
697,cgyteshamjc
698,gsnowmanjd
699,arandsje
700,rlightbodyjf
701,cjeffordjg
702,tcovolinijh
703,eplampeynji
704,dwitchardjj
705,rfettersjk
706,rglackenjl
707,jsivernsjm
708,twoodburnejn
709,swasonjo
710,enormanvilljp
711,mdunnejq
712,espringjr
713,madlemjs
714,rlindemannjt
715,bblitzju
716,qcazinjv
717,kdanburyjw
718,wcreesejx
719,ggeorgotjy
720,wcraykjz
721,kpoundsfordk0
722,icarhartk1
723,lmearingk2
724,bcourtink3
725,dlendremk4
726,cguiuk5
727,tfliegk6
728,cmouncherk7
729,draulink8
730,mgraalmank9
731,sdalinderka
732,jwinmankb
733,rclevelandkc
734,rposselkd
735,bherculeske
736,tmackellarkf
737,hmcsheekg
738,jmathevonkh
739,scastellki
740,rkelbermankj
741,pkincadekk
742,dhuntleykl
743,ccombeskm
744,rexonkn
745,dfitzgilbertko
746,dbiasiolikp
747,gboormankq
748,acurromkr
749,awannellks
750,nmacpakekt
751,rbaynamku
752,dlyokhinkv
753,lchazerandkw
754,nbartalettikx
755,jkunischky
756,estuerkz
757,rdungeyl0
758,cebbagel1
759,bwalklotl2
760,tspradberyl3
761,kdilrewl4
762,bgarrl5
763,wgisbyel6
764,sdidellol7
765,fbaguleyl8
766,rfianderl9
767,cnairyla
768,fnorthfieldlb
769,msoppettlc
770,cgartrellld
771,awatkinle
772,pjancylf
773,hstowelllg
774,tmacgilllh
775,diacovuzzili
776,lpittslj
777,jmcgeouchlk
778,mlettll
779,ngarelm
780,galfonsiniln
781,jwitchlo
782,dtowndrowlp
783,ekloskalq
784,ewetherheadlr
785,nadhamsls
786,gjarmynlt
787,edurninlu
788,bduthielv
789,gmasereslw
790,esanterlx
791,palbertsly
792,mjacklinlz
793,sgariffm0
794,zcrichmerem1
795,imcateerm2
796,vmcgroutherm3
797,ldeavillem4
798,dlerganm5
799,jbrandtsm6
800,ltomasellom7
801,cscreechm8
802,lmilkinm9
803,vrothermelma
804,cgraingermb
805,pbrugdenmc
806,rhutchinmd
807,bosgarme
808,moneillmf
809,rbownemg
810,mhenrichsmh
811,ahorstedmi
812,hdymockmj
813,ddyetmk
814,nanwylml
815,ctewkesburymm
816,jkryszkieciczmn
817,fdiantoniomo
818,cassendermp
819,sranscombmq
820,obraundtmr
821,jcastelijnms
822,cvearncombmt
823,dnolanmu
824,tquinnellmv
825,ntorelmw
826,bminchintonmx
827,dbartolaccimy
828,lchattockmz
829,bnelesn0
830,sklinkn1
831,ksautern2
832,vpackn3
833,rcapenorn4
834,dstreetsn5
835,acockramn6
836,ehavillen7
837,enaiseyn8
838,acowerdn9
839,ndachna
840,rbartolomanb
841,hvaughamnc
842,gdotnd
843,gbannonne
844,pfeatherstonenf
845,kstrattanng
846,cfaichnh
847,cralestoneni
848,tbithanynj
849,wceeleynk
850,clockheadnl
851,isacconm
852,ghurchenn
853,pdiemno
854,lgiordanonp
855,tgroutnq
856,jkillnernr
857,lsidworthns
858,ttuhynt
859,kprandoninu
860,astallennv
861,gkemsternw
862,tlysternx
863,wmuzzullony
864,flatannz
865,fvsanellio0
866,cjovico1
867,gtulleyo2
868,sgrigorkino3
869,mbellisono4
870,nhottono5
871,tmcdello6
872,nweddupo7
873,jtomasellio8
874,thalwello9
875,slowlessoa
876,smccaskillob
877,apilchoc
878,hwansburyod
879,ptrowoe
880,nlaisterof
881,mstoiteog
882,kheadinghamoh
883,wpalkoi
884,kiwanowskioj
885,dmagraneok
886,ddonisthorpeol
887,pmcginnellom
888,dcortheson
889,edimariaoo
890,ceverleighop
891,dhandrekoq
892,lcapperor
893,rvolksos
894,tmolleneot
895,gwillgrassou
896,hhulleov
897,scrixow
898,esparwayox
899,ocleereoy
900,wmatteauoz
901,klockhartp0
902,igofordp1
903,aflewanp2
904,smcgoochp3
905,awarehamp4
906,atyzackp5
907,tmyringp6
908,ktsarp7
909,tarndtp8
910,wcashellp9
911,bkegginspa
912,mbaggallaypb
913,gpalingpc
914,ipaliapd
915,kroccape
916,hplankspf
917,ahatchmanpg
918,pyorathph
919,nshinefieldpi
920,tcardepj
921,mrankinpk
922,khorbathpl
923,istallwoodpm
924,abaffordpn
925,hfotheringhampo
926,kpeterapp
927,crisboroughpq
928,vwainscotpr
929,cshortanps
930,aspinolapt
931,dlongforthpu
932,lmitrovicpv
933,norchartpw
934,hmityukovpx
935,bbusselpy
936,gadrianopz
937,jpuesq0
938,clevershaq1
939,alowmassq2
940,otustinq3
941,rcharnockq4
942,dpitbladdoq5
943,dmacgovernq6
944,nmacquarrieq7
945,rdugganq8
946,jhlavecekq9
947,lrobyqa
948,psallyqb
949,fdoreeqc
950,ayashnovqd
951,lvannerqe
952,hgreenrodqf
953,mcushionqg
954,stregenzaqh
955,dhoweyqi
956,lharkusqj
957,ghayseldenqk
958,dpolleyeql
959,ceverixqm
960,dharveyqn
961,ileevesqo
962,bbrownsellqp
963,lleederqq
964,cmarmonqr
965,cmargarsonqs
966,cguinanqt
967,jhachequ
968,xchealesqv
969,mpeatqw
970,afardyqx
971,eoduilleainqy
972,ecinavasqz
973,nrickardesr0
974,rbairstowr1
975,jtrouncer2
976,mdafforner3
977,plowtherr4
978,fpyvisr5
979,ffontr6
980,colinr7
981,ywelfarer8
982,bameerbegr9
983,pkasbyera
984,opaschorb
985,jnaismithrc
986,lharnesrd
987,fscotchfordre
988,fpunchrf
989,vbrownbridgerg
990,rdreweryrh
991,bcollinri
992,gorpenrj
993,rrenshawrk
994,tchooterrl
995,epittsonrm
996,cbehnenrn
997,rhelwigro
998,dbeersrp
999,jbiermatowiczrq
1000,darstingallrr
